exchangeAddress,exchangeName,exchangeLogo,pairAddress,pairLabel,usdPrice,usdPrice24hrPercentChange,usdPrice24hrUsdChange,volume24hrNative,volume24hrUsd,liquidityUsd,baseToken,quoteToken,inactivePair,token0_address,token0_name,token0_symbol,token0_logo,token0_decimals,token0_pairTokenType,token0_liquidityUsd,token1_address,token1_name,token1_symbol,token1_logo,token1_decimals,token1_pairTokenType,token1_liquidityUsd
675kPX9MHTjS2zt1qfr1NYHuzeLXfQM9H24wFSUt1Mp8,Raydium AMM v4,https://entities-logos.s3.amazonaws.com/raydium.png,AWcXGpmBGvhyZgWE4rEfSTFoDgHHrHa12fhyjqBvqeUL,Luigi/SOL,0.000553934,10.477903781028234,5.2535999999999946e-05,12.328966936,2352.149090605,261575.451878378,5XyKkFaJpAmsH4Tf2EFj3S61W3hC5cJhxNZQQ5h1pump,So11111111111111111111111111111111111111112,False,5XyKkFaJpAmsH4Tf2EFj3S61W3hC5cJhxNZQQ5h1pump,Luigi Mangione,Luigi,https://logo.moralis.io/solana-mainnet_5XyKkFaJpAmsH4Tf2EFj3S61W3hC5cJhxNZQQ5h1pump_f5c8f2fe9e181c1b.webp,6,token0,130930.425411269,So11111111111111111111111111111111111111112,Wrapped SOL,SOL,https://logo.moralis.io/solana-mainnet_So11111111111111111111111111111111111111112_5ffe40a76ba4f2a8.webp,9,token1,130645.026467109
CAMMCzo5YL8w4VFF8KVHrK22GGUsp5VTaW7grrKgrWqK,Raydium CLMM,https://entities-logos.s3.amazonaws.com/raydium.png,4iGJGy9rUUkFxQV9zzw7ZkTNdwRCfUJway7MT4nREHWD,Luigi/SOL,0.013857858,,,0.0,0.0,65945.500867245,5XyKkFaJpAmsH4Tf2EFj3S61W3hC5cJhxNZQQ5h1pump,So11111111111111111111111111111111111111112,True,5XyKkFaJpAmsH4Tf2EFj3S61W3hC5cJhxNZQQ5h1pump,Luigi Mangione,Luigi,https://logo.moralis.io/solana-mainnet_5XyKkFaJpAmsH4Tf2EFj3S61W3hC5cJhxNZQQ5h1pump_f5c8f2fe9e181c1b.webp,6,token0,65945.139508121,So11111111111111111111111111111111111111112,Wrapped SOL,SOL,https://logo.moralis.io/solana-mainnet_So11111111111111111111111111111111111111112_5ffe40a76ba4f2a8.webp,9,token1,0.361359124
CAMMCzo5YL8w4VFF8KVHrK22GGUsp5VTaW7grrKgrWqK,Raydium CLMM,https://entities-logos.s3.amazonaws.com/raydium.png,3VWyaHv7ecoDRpX4bRZgv4wneYBBvmuN9D24hSJu9UrW,Luigi/SOL,0.000540344,9.558577537352933,4.714300000000003e-05,0.342061474,66.125004778,43725.070886395,5XyKkFaJpAmsH4Tf2EFj3S61W3hC5cJhxNZQQ5h1pump,So11111111111111111111111111111111111111112,False,5XyKkFaJpAmsH4Tf2EFj3S61W3hC5cJhxNZQQ5h1pump,Luigi Mangione,Luigi,https://logo.moralis.io/solana-mainnet_5XyKkFaJpAmsH4Tf2EFj3S61W3hC5cJhxNZQQ5h1pump_f5c8f2fe9e181c1b.webp,6,token0,36212.815720273,So11111111111111111111111111111111111111112,Wrapped SOL,SOL,https://logo.moralis.io/solana-mainnet_So11111111111111111111111111111111111111112_5ffe40a76ba4f2a8.webp,9,token1,7512.255166122
LBUZKhRxPF3XUpBCjp4YzTKgLccjZhTSDM9YuVaPwxo,Meteora DLMM,https://entities-logos.s3.amazonaws.com/meteora.png,pXmN4FbdR5qhTvjEqBK1KtpQaUnvE4zr75EaimHmDdd,Luigi/USDC,0.005728,,,0.0,0.0,9105.202333,5XyKkFaJpAmsH4Tf2EFj3S61W3hC5cJhxNZQQ5h1pump,EPjFWdd5AufqSSqeM2qN1xzybapC8G4wEGGkZwyTDt1v,True,5XyKkFaJpAmsH4Tf2EFj3S61W3hC5cJhxNZQQ5h1pump,Luigi Mangione,Luigi,https://logo.moralis.io/solana-mainnet_5XyKkFaJpAmsH4Tf2EFj3S61W3hC5cJhxNZQQ5h1pump_f5c8f2fe9e181c1b.webp,6,token0,6474.369288,EPjFWdd5AufqSSqeM2qN1xzybapC8G4wEGGkZwyTDt1v,USD Coin,USDC,https://logo.moralis.io/solana-mainnet_EPjFWdd5AufqSSqeM2qN1xzybapC8G4wEGGkZwyTDt1v_809d0dcb3d691dcff4b688115e11652c.webp,6,token1,2630.833045
LBUZKhRxPF3XUpBCjp4YzTKgLccjZhTSDM9YuVaPwxo,Meteora DLMM,https://entities-logos.s3.amazonaws.com/meteora.png,8zmmPzmQfKiWPpKdUfVrbaYakDoQWbkShZvqccfDKhZV,Luigi/SOL,0.000512861,0.0,0.0,0.112205521,21.433446629,5301.398787179,5XyKkFaJpAmsH4Tf2EFj3S61W3hC5cJhxNZQQ5h1pump,So11111111111111111111111111111111111111112,False,5XyKkFaJpAmsH4Tf2EFj3S61W3hC5cJhxNZQQ5h1pump,Luigi Mangione,Luigi,https://logo.moralis.io/solana-mainnet_5XyKkFaJpAmsH4Tf2EFj3S61W3hC5cJhxNZQQ5h1pump_f5c8f2fe9e181c1b.webp,6,token0,1310.072528618,So11111111111111111111111111111111111111112,Wrapped SOL,SOL,https://logo.moralis.io/solana-mainnet_So11111111111111111111111111111111111111112_5ffe40a76ba4f2a8.webp,9,token1,3991.326258561
LBUZKhRxPF3XUpBCjp4YzTKgLccjZhTSDM9YuVaPwxo,Meteora DLMM,https://entities-logos.s3.amazonaws.com/meteora.png,9Kmz9uQRBpmtQXoqG57Z6koHEvr81bTrE5ZBwo2CK85J,Luigi/SOL,0.000824518,,,0.0,0.0,3625.703240995,5XyKkFaJpAmsH4Tf2EFj3S61W3hC5cJhxNZQQ5h1pump,So11111111111111111111111111111111111111112,True,5XyKkFaJpAmsH4Tf2EFj3S61W3hC5cJhxNZQQ5h1pump,Luigi Mangione,Luigi,https://logo.moralis.io/solana-mainnet_5XyKkFaJpAmsH4Tf2EFj3S61W3hC5cJhxNZQQ5h1pump_f5c8f2fe9e181c1b.webp,6,token0,3545.111457849,So11111111111111111111111111111111111111112,Wrapped SOL,SOL,https://logo.moralis.io/solana-mainnet_So11111111111111111111111111111111111111112_5ffe40a76ba4f2a8.webp,9,token1,80.591783146
LBUZKhRxPF3XUpBCjp4YzTKgLccjZhTSDM9YuVaPwxo,Meteora DLMM,https://entities-logos.s3.amazonaws.com/meteora.png,51r53WJdVrPXaz3A5u3XwZDkqEETMMa3qTb7gjSnsxf7,Luigi/SOL,0.002464385,,,0.0,0.0,1502.252130132,5XyKkFaJpAmsH4Tf2EFj3S61W3hC5cJhxNZQQ5h1pump,So11111111111111111111111111111111111111112,True,5XyKkFaJpAmsH4Tf2EFj3S61W3hC5cJhxNZQQ5h1pump,Luigi Mangione,Luigi,https://logo.moralis.io/solana-mainnet_5XyKkFaJpAmsH4Tf2EFj3S61W3hC5cJhxNZQQ5h1pump_f5c8f2fe9e181c1b.webp,6,token0,804.418722288,So11111111111111111111111111111111111111112,Wrapped SOL,SOL,https://logo.moralis.io/solana-mainnet_So11111111111111111111111111111111111111112_5ffe40a76ba4f2a8.webp,9,token1,697.833407844
whirLbMiicVdio4qvUfM5KAg6Ct8VwpYzGff3uctyCc,Orca Whirlpool,https://entities-logos.s3.amazonaws.com/orca.png,HnCm8tcVz7BHkjYD6nFvmtsTaYGo5RcQrWtPP3ARCmJU,Luigi/SOL,0.002073149,,,0.0,0.0,516.127378462,5XyKkFaJpAmsH4Tf2EFj3S61W3hC5cJhxNZQQ5h1pump,So11111111111111111111111111111111111111112,True,5XyKkFaJpAmsH4Tf2EFj3S61W3hC5cJhxNZQQ5h1pump,Luigi Mangione,Luigi,https://logo.moralis.io/solana-mainnet_5XyKkFaJpAmsH4Tf2EFj3S61W3hC5cJhxNZQQ5h1pump_f5c8f2fe9e181c1b.webp,6,token0,260.266583876,So11111111111111111111111111111111111111112,Wrapped SOL,SOL,https://logo.moralis.io/solana-mainnet_So11111111111111111111111111111111111111112_5ffe40a76ba4f2a8.webp,9,token1,255.860794586
LBUZKhRxPF3XUpBCjp4YzTKgLccjZhTSDM9YuVaPwxo,Meteora DLMM,https://entities-logos.s3.amazonaws.com/meteora.png,F4NUMPaJxVscNtGRDcQPDCnF2gmZPVUSMr4ubGsJTVNE,Luigi/SOL,0.008767921,,,0.0,0.0,499.88410865180475,5XyKkFaJpAmsH4Tf2EFj3S61W3hC5cJhxNZQQ5h1pump,So11111111111111111111111111111111111111112,True,5XyKkFaJpAmsH4Tf2EFj3S61W3hC5cJhxNZQQ5h1pump,Luigi Mangione,Luigi,https://logo.moralis.io/solana-mainnet_5XyKkFaJpAmsH4Tf2EFj3S61W3hC5cJhxNZQQ5h1pump_f5c8f2fe9e181c1b.webp,6,token0,496.15616079278067,So11111111111111111111111111111111111111112,Wrapped SOL,SOL,https://logo.moralis.io/solana-mainnet_So11111111111111111111111111111111111111112_5ffe40a76ba4f2a8.webp,9,token1,3.7279478590241015
CPMMoo8L3F4NbTegBCKVNunggL7H1ZpdTHKxQB5qKP1C,Raydium CPMM,https://entities-logos.s3.amazonaws.com/raydium.png,3dELTShf3FdXY85MXZSTXgJwEpqrLnJvunf1nExYX3HK,Luigi/SOL,0.000562801,,,0.0,0.0,175.091695346,5XyKkFaJpAmsH4Tf2EFj3S61W3hC5cJhxNZQQ5h1pump,So11111111111111111111111111111111111111112,True,5XyKkFaJpAmsH4Tf2EFj3S61W3hC5cJhxNZQQ5h1pump,Luigi Mangione,Luigi,https://logo.moralis.io/solana-mainnet_5XyKkFaJpAmsH4Tf2EFj3S61W3hC5cJhxNZQQ5h1pump_f5c8f2fe9e181c1b.webp,6,token0,87.545847673,So11111111111111111111111111111111111111112,Wrapped SOL,SOL,https://logo.moralis.io/solana-mainnet_So11111111111111111111111111111111111111112_5ffe40a76ba4f2a8.webp,9,token1,87.545847673
LBUZKhRxPF3XUpBCjp4YzTKgLccjZhTSDM9YuVaPwxo,Meteora DLMM,https://entities-logos.s3.amazonaws.com/meteora.png,65CNspYVxbjtyAQv8bwYPaZPZFXCGhmdaxDja3HB32tW,Luigi/SOL,0.008002556,,,0.0,0.0,118.4996186833387,5XyKkFaJpAmsH4Tf2EFj3S61W3hC5cJhxNZQQ5h1pump,So11111111111111111111111111111111111111112,True,5XyKkFaJpAmsH4Tf2EFj3S61W3hC5cJhxNZQQ5h1pump,Luigi Mangione,Luigi,https://logo.moralis.io/solana-mainnet_5XyKkFaJpAmsH4Tf2EFj3S61W3hC5cJhxNZQQ5h1pump_f5c8f2fe9e181c1b.webp,6,token0,62.611045991884566,So11111111111111111111111111111111111111112,Wrapped SOL,SOL,https://logo.moralis.io/solana-mainnet_So11111111111111111111111111111111111111112_5ffe40a76ba4f2a8.webp,9,token1,55.88857269145413
LBUZKhRxPF3XUpBCjp4YzTKgLccjZhTSDM9YuVaPwxo,Meteora DLMM,https://entities-logos.s3.amazonaws.com/meteora.png,yyJnPdtP9Tw9hMcwe2xMqzsUiFZAZRq1ZXi2u23gfVr,Luigi/SOL,0.007167438,,,0.0,0.0,64.19263123368457,5XyKkFaJpAmsH4Tf2EFj3S61W3hC5cJhxNZQQ5h1pump,So11111111111111111111111111111111111111112,True,5XyKkFaJpAmsH4Tf2EFj3S61W3hC5cJhxNZQQ5h1pump,Luigi Mangione,Luigi,https://logo.moralis.io/solana-mainnet_5XyKkFaJpAmsH4Tf2EFj3S61W3hC5cJhxNZQQ5h1pump_f5c8f2fe9e181c1b.webp,6,token0,13.513969156689468,So11111111111111111111111111111111111111112,Wrapped SOL,SOL,https://logo.moralis.io/solana-mainnet_So11111111111111111111111111111111111111112_5ffe40a76ba4f2a8.webp,9,token1,50.67866207699509
LBUZKhRxPF3XUpBCjp4YzTKgLccjZhTSDM9YuVaPwxo,Meteora DLMM,https://entities-logos.s3.amazonaws.com/meteora.png,Rh7Rf8unsYCqVYNdh6EtabpfvuCfA8ScfzDK4Hwva4n,Luigi/USDC,0.00827,,,0.0,0.0,59.49850203183,5XyKkFaJpAmsH4Tf2EFj3S61W3hC5cJhxNZQQ5h1pump,EPjFWdd5AufqSSqeM2qN1xzybapC8G4wEGGkZwyTDt1v,True,5XyKkFaJpAmsH4Tf2EFj3S61W3hC5cJhxNZQQ5h1pump,Luigi Mangione,Luigi,https://logo.moralis.io/solana-mainnet_5XyKkFaJpAmsH4Tf2EFj3S61W3hC5cJhxNZQQ5h1pump_f5c8f2fe9e181c1b.webp,6,token0,50.88555503183,EPjFWdd5AufqSSqeM2qN1xzybapC8G4wEGGkZwyTDt1v,USD Coin,USDC,https://logo.moralis.io/solana-mainnet_EPjFWdd5AufqSSqeM2qN1xzybapC8G4wEGGkZwyTDt1v_809d0dcb3d691dcff4b688115e11652c.webp,6,token1,8.612947
LBUZKhRxPF3XUpBCjp4YzTKgLccjZhTSDM9YuVaPwxo,Meteora DLMM,https://entities-logos.s3.amazonaws.com/meteora.png,ADrp3zrAkmdy4yBLGpRE679U2anSx3Q7jLJfqYt4pZqh,Luigi/SOL,0.003409916,,,0.0,0.0,27.256523831563257,5XyKkFaJpAmsH4Tf2EFj3S61W3hC5cJhxNZQQ5h1pump,So11111111111111111111111111111111111111112,True,5XyKkFaJpAmsH4Tf2EFj3S61W3hC5cJhxNZQQ5h1pump,Luigi Mangione,Luigi,https://logo.moralis.io/solana-mainnet_5XyKkFaJpAmsH4Tf2EFj3S61W3hC5cJhxNZQQ5h1pump_f5c8f2fe9e181c1b.webp,6,token0,21.2237221967729,So11111111111111111111111111111111111111112,Wrapped SOL,SOL,https://logo.moralis.io/solana-mainnet_So11111111111111111111111111111111111111112_5ffe40a76ba4f2a8.webp,9,token1,6.032801634790356
CPMMoo8L3F4NbTegBCKVNunggL7H1ZpdTHKxQB5qKP1C,Raydium CPMM,https://entities-logos.s3.amazonaws.com/raydium.png,8u3UYj7oz8dHQFSndP3ffCGbo2TBSvycBr6HEWGQ3MK4,Luigi/SOL,0.000586954,,,0.0,0.0,17.169183016,5XyKkFaJpAmsH4Tf2EFj3S61W3hC5cJhxNZQQ5h1pump,So11111111111111111111111111111111111111112,True,5XyKkFaJpAmsH4Tf2EFj3S61W3hC5cJhxNZQQ5h1pump,Luigi Mangione,Luigi,https://logo.moralis.io/solana-mainnet_5XyKkFaJpAmsH4Tf2EFj3S61W3hC5cJhxNZQQ5h1pump_f5c8f2fe9e181c1b.webp,6,token0,8.584591508,So11111111111111111111111111111111111111112,Wrapped SOL,SOL,https://logo.moralis.io/solana-mainnet_So11111111111111111111111111111111111111112_5ffe40a76ba4f2a8.webp,9,token1,8.584591508
LBUZKhRxPF3XUpBCjp4YzTKgLccjZhTSDM9YuVaPwxo,Meteora DLMM,https://entities-logos.s3.amazonaws.com/meteora.png,5KvY4CXiEAXRF29GFkkB3PvB99MV6WHwuKjxpFGfFMdY,Luigi/SOL,0.004867003,,,0.0,0.0,11.827269185153762,5XyKkFaJpAmsH4Tf2EFj3S61W3hC5cJhxNZQQ5h1pump,So11111111111111111111111111111111111111112,True,5XyKkFaJpAmsH4Tf2EFj3S61W3hC5cJhxNZQQ5h1pump,Luigi Mangione,Luigi,https://logo.moralis.io/solana-mainnet_5XyKkFaJpAmsH4Tf2EFj3S61W3hC5cJhxNZQQ5h1pump_f5c8f2fe9e181c1b.webp,6,token0,7.845439478896609,So11111111111111111111111111111111111111112,Wrapped SOL,SOL,https://logo.moralis.io/solana-mainnet_So11111111111111111111111111111111111111112_5ffe40a76ba4f2a8.webp,9,token1,3.9818297062571526
pAMMBay6oceH9fJKBRHGP5D4bD4sWpmSwMn52FMfXEA,PumpSwap,https://entities-logos.s3.amazonaws.com/pumpfun.png,5qTxyKUgV6tGpCMZMkoEnHMWAKaSRtwooBxYoZJaBxfr,Luigi/SOL,0.002163723,,,0.0,0.0,7.299246878,5XyKkFaJpAmsH4Tf2EFj3S61W3hC5cJhxNZQQ5h1pump,So11111111111111111111111111111111111111112,True,5XyKkFaJpAmsH4Tf2EFj3S61W3hC5cJhxNZQQ5h1pump,Luigi Mangione,Luigi,https://logo.moralis.io/solana-mainnet_5XyKkFaJpAmsH4Tf2EFj3S61W3hC5cJhxNZQQ5h1pump_f5c8f2fe9e181c1b.webp,6,token0,3.649623439,So11111111111111111111111111111111111111112,Wrapped SOL,SOL,https://logo.moralis.io/solana-mainnet_So11111111111111111111111111111111111111112_5ffe40a76ba4f2a8.webp,9,token1,3.649623439
LBUZKhRxPF3XUpBCjp4YzTKgLccjZhTSDM9YuVaPwxo,Meteora DLMM,https://entities-logos.s3.amazonaws.com/meteora.png,FKbA8c9xr6kiPk2ELXBqNU5bT8gocJyfU1wSYiMBjpdR,Luigi/SOL,0.018157899,,,0.0,0.0,6.415747022847479,5XyKkFaJpAmsH4Tf2EFj3S61W3hC5cJhxNZQQ5h1pump,So11111111111111111111111111111111111111112,True,5XyKkFaJpAmsH4Tf2EFj3S61W3hC5cJhxNZQQ5h1pump,Luigi Mangione,Luigi,https://logo.moralis.io/solana-mainnet_5XyKkFaJpAmsH4Tf2EFj3S61W3hC5cJhxNZQQ5h1pump_f5c8f2fe9e181c1b.webp,6,token0,3.217338148269603,So11111111111111111111111111111111111111112,Wrapped SOL,SOL,https://logo.moralis.io/solana-mainnet_So11111111111111111111111111111111111111112_5ffe40a76ba4f2a8.webp,9,token1,3.198408874577876
CAMMCzo5YL8w4VFF8KVHrK22GGUsp5VTaW7grrKgrWqK,Raydium CLMM,https://entities-logos.s3.amazonaws.com/raydium.png,8qbXaz4KzKNw49dw8E6h4hkzQ9Vfi3dv3e9e3hKawxCG,Luigi/SOL,0.003217385,,,0.0,0.0,6.101247223392989,5XyKkFaJpAmsH4Tf2EFj3S61W3hC5cJhxNZQQ5h1pump,So11111111111111111111111111111111111111112,True,5XyKkFaJpAmsH4Tf2EFj3S61W3hC5cJhxNZQQ5h1pump,Luigi Mangione,Luigi,https://logo.moralis.io/solana-mainnet_5XyKkFaJpAmsH4Tf2EFj3S61W3hC5cJhxNZQQ5h1pump_f5c8f2fe9e181c1b.webp,6,token0,2.5287137146435,So11111111111111111111111111111111111111112,Wrapped SOL,SOL,https://logo.moralis.io/solana-mainnet_So11111111111111111111111111111111111111112_5ffe40a76ba4f2a8.webp,9,token1,3.572533508749489
LBUZKhRxPF3XUpBCjp4YzTKgLccjZhTSDM9YuVaPwxo,Meteora DLMM,https://entities-logos.s3.amazonaws.com/meteora.png,Af57pRx4j1rjdGEv43ai647gTyFN78Ln8pjn6WEynxKb,Luigi/SOL,0.001423986,,,0.0,0.0,5.46636543659248,5XyKkFaJpAmsH4Tf2EFj3S61W3hC5cJhxNZQQ5h1pump,So11111111111111111111111111111111111111112,True,5XyKkFaJpAmsH4Tf2EFj3S61W3hC5cJhxNZQQ5h1pump,Luigi Mangione,Luigi,https://logo.moralis.io/solana-mainnet_5XyKkFaJpAmsH4Tf2EFj3S61W3hC5cJhxNZQQ5h1pump_f5c8f2fe9e181c1b.webp,6,token0,3.009663363250092,So11111111111111111111111111111111111111112,Wrapped SOL,SOL,https://logo.moralis.io/solana-mainnet_So11111111111111111111111111111111111111112_5ffe40a76ba4f2a8.webp,9,token1,2.456702073342388
CPMMoo8L3F4NbTegBCKVNunggL7H1ZpdTHKxQB5qKP1C,Raydium CPMM,https://entities-logos.s3.amazonaws.com/raydium.png,3ovbhEWHzXGg2durpYSamDTmfs1x3YEWmSFCTTuRucEc,Luigi/SOL,0.006918557,,,0.0,0.0,3.226340758,5XyKkFaJpAmsH4Tf2EFj3S61W3hC5cJhxNZQQ5h1pump,So11111111111111111111111111111111111111112,True,5XyKkFaJpAmsH4Tf2EFj3S61W3hC5cJhxNZQQ5h1pump,Luigi Mangione,Luigi,https://logo.moralis.io/solana-mainnet_5XyKkFaJpAmsH4Tf2EFj3S61W3hC5cJhxNZQQ5h1pump_f5c8f2fe9e181c1b.webp,6,token0,1.613170379,So11111111111111111111111111111111111111112,Wrapped SOL,SOL,https://logo.moralis.io/solana-mainnet_So11111111111111111111111111111111111111112_5ffe40a76ba4f2a8.webp,9,token1,1.613170379
LBUZKhRxPF3XUpBCjp4YzTKgLccjZhTSDM9YuVaPwxo,Meteora DLMM,https://entities-logos.s3.amazonaws.com/meteora.png,Dre6ic88KqtU1hfSBUSykGxXZZZZ7oHmLnLipqE1opqS,Luigi/USDC,0.018655,,,0.0,0.0,1.447785055965,5XyKkFaJpAmsH4Tf2EFj3S61W3hC5cJhxNZQQ5h1pump,EPjFWdd5AufqSSqeM2qN1xzybapC8G4wEGGkZwyTDt1v,True,5XyKkFaJpAmsH4Tf2EFj3S61W3hC5cJhxNZQQ5h1pump,Luigi Mangione,Luigi,https://logo.moralis.io/solana-mainnet_5XyKkFaJpAmsH4Tf2EFj3S61W3hC5cJhxNZQQ5h1pump_f5c8f2fe9e181c1b.webp,6,token0,5.5965e-08,EPjFWdd5AufqSSqeM2qN1xzybapC8G4wEGGkZwyTDt1v,USD Coin,USDC,https://logo.moralis.io/solana-mainnet_EPjFWdd5AufqSSqeM2qN1xzybapC8G4wEGGkZwyTDt1v_809d0dcb3d691dcff4b688115e11652c.webp,6,token1,1.447785
whirLbMiicVdio4qvUfM5KAg6Ct8VwpYzGff3uctyCc,Orca Whirlpool,https://entities-logos.s3.amazonaws.com/orca.png,HSrXj4DHJRW5nSpsvtKXrYuHhKtztt64MrHTZcMSg84V,Luigi/SOL,0.006306542,,,0.0,0.0,1.2991995900146702,5XyKkFaJpAmsH4Tf2EFj3S61W3hC5cJhxNZQQ5h1pump,So11111111111111111111111111111111111111112,True,5XyKkFaJpAmsH4Tf2EFj3S61W3hC5cJhxNZQQ5h1pump,Luigi Mangione,Luigi,https://logo.moralis.io/solana-mainnet_5XyKkFaJpAmsH4Tf2EFj3S61W3hC5cJhxNZQQ5h1pump_f5c8f2fe9e181c1b.webp,6,token0,0.469862863736222,So11111111111111111111111111111111111111112,Wrapped SOL,SOL,https://logo.moralis.io/solana-mainnet_So11111111111111111111111111111111111111112_5ffe40a76ba4f2a8.webp,9,token1,0.8293367262784483
LBUZKhRxPF3XUpBCjp4YzTKgLccjZhTSDM9YuVaPwxo,Meteora DLMM,https://entities-logos.s3.amazonaws.com/meteora.png,HBJWtk7zZZVtjiPXryRamsj5YQ51EuyfT4dUrzKeFvjx,Luigi/SOL,0.006490062,,,0.0,0.0,1.0283081461081995,5XyKkFaJpAmsH4Tf2EFj3S61W3hC5cJhxNZQQ5h1pump,So11111111111111111111111111111111111111112,True,5XyKkFaJpAmsH4Tf2EFj3S61W3hC5cJhxNZQQ5h1pump,Luigi Mangione,Luigi,https://logo.moralis.io/solana-mainnet_5XyKkFaJpAmsH4Tf2EFj3S61W3hC5cJhxNZQQ5h1pump_f5c8f2fe9e181c1b.webp,6,token0,0.551088304673742,So11111111111111111111111111111111111111112,Wrapped SOL,SOL,https://logo.moralis.io/solana-mainnet_So11111111111111111111111111111111111111112_5ffe40a76ba4f2a8.webp,9,token1,0.4772198414344576
LBUZKhRxPF3XUpBCjp4YzTKgLccjZhTSDM9YuVaPwxo,Meteora DLMM,https://entities-logos.s3.amazonaws.com/meteora.png,CpxGAFpFELi4pUjPJSYtEUtvo4zXKz7nWrdWq5w4C3St,Luigi/SOL,0.008116969,,,0.0,0.0,0.5398207643005679,5XyKkFaJpAmsH4Tf2EFj3S61W3hC5cJhxNZQQ5h1pump,So11111111111111111111111111111111111111112,True,5XyKkFaJpAmsH4Tf2EFj3S61W3hC5cJhxNZQQ5h1pump,Luigi Mangione,Luigi,https://logo.moralis.io/solana-mainnet_5XyKkFaJpAmsH4Tf2EFj3S61W3hC5cJhxNZQQ5h1pump_f5c8f2fe9e181c1b.webp,6,token0,0.262219438423117,So11111111111111111111111111111111111111112,Wrapped SOL,SOL,https://logo.moralis.io/solana-mainnet_So11111111111111111111111111111111111111112_5ffe40a76ba4f2a8.webp,9,token1,0.2776013258774509
LBUZKhRxPF3XUpBCjp4YzTKgLccjZhTSDM9YuVaPwxo,Meteora DLMM,https://entities-logos.s3.amazonaws.com/meteora.png,6uvxDzQEcvzVLBQUG9fCnqtgapzjBJe1zCkU2j8GsZo8,Luigi/SOL,0.007474687,,,0.0,0.0,0.4840216172416566,5XyKkFaJpAmsH4Tf2EFj3S61W3hC5cJhxNZQQ5h1pump,So11111111111111111111111111111111111111112,True,5XyKkFaJpAmsH4Tf2EFj3S61W3hC5cJhxNZQQ5h1pump,Luigi Mangione,Luigi,https://logo.moralis.io/solana-mainnet_5XyKkFaJpAmsH4Tf2EFj3S61W3hC5cJhxNZQQ5h1pump_f5c8f2fe9e181c1b.webp,6,token0,0.234845912681523,So11111111111111111111111111111111111111112,Wrapped SOL,SOL,https://logo.moralis.io/solana-mainnet_So11111111111111111111111111111111111111112_5ffe40a76ba4f2a8.webp,9,token1,0.24917570456013363
CAMMCzo5YL8w4VFF8KVHrK22GGUsp5VTaW7grrKgrWqK,Raydium CLMM,https://entities-logos.s3.amazonaws.com/raydium.png,Deidn7FgjxrFcudEMBncLtUsgokRyhnN7P7jcGhqYRNU,Luigi/SOL,0.001726132,,,0.0,0.0,0.4427029422699693,5XyKkFaJpAmsH4Tf2EFj3S61W3hC5cJhxNZQQ5h1pump,So11111111111111111111111111111111111111112,True,5XyKkFaJpAmsH4Tf2EFj3S61W3hC5cJhxNZQQ5h1pump,Luigi Mangione,Luigi,https://logo.moralis.io/solana-mainnet_5XyKkFaJpAmsH4Tf2EFj3S61W3hC5cJhxNZQQ5h1pump_f5c8f2fe9e181c1b.webp,6,token0,0.203459280681788,So11111111111111111111111111111111111111112,Wrapped SOL,SOL,https://logo.moralis.io/solana-mainnet_So11111111111111111111111111111111111111112_5ffe40a76ba4f2a8.webp,9,token1,0.2392436615881813
LBUZKhRxPF3XUpBCjp4YzTKgLccjZhTSDM9YuVaPwxo,Meteora DLMM,https://entities-logos.s3.amazonaws.com/meteora.png,HWy5CYbTA1UbUok4qMdEsA6SRnuwH6m93n64x8rJsGci,Luigi/SOL,0.015297717,,,0.0,0.0,0.15917082414164685,5XyKkFaJpAmsH4Tf2EFj3S61W3hC5cJhxNZQQ5h1pump,So11111111111111111111111111111111111111112,True,5XyKkFaJpAmsH4Tf2EFj3S61W3hC5cJhxNZQQ5h1pump,Luigi Mangione,Luigi,https://logo.moralis.io/solana-mainnet_5XyKkFaJpAmsH4Tf2EFj3S61W3hC5cJhxNZQQ5h1pump_f5c8f2fe9e181c1b.webp,6,token0,0.07612618208427,So11111111111111111111111111111111111111112,Wrapped SOL,SOL,https://logo.moralis.io/solana-mainnet_So11111111111111111111111111111111111111112_5ffe40a76ba4f2a8.webp,9,token1,0.08304464205737686
whirLbMiicVdio4qvUfM5KAg6Ct8VwpYzGff3uctyCc,Orca Whirlpool,https://entities-logos.s3.amazonaws.com/orca.png,9z9XLZ7jvef4oiGkCfDWsCwK3ogtKLm7vCA1FSjfy7UA,Luigi/USDC,0.005675,,,0.0,0.0,0.016340317775,5XyKkFaJpAmsH4Tf2EFj3S61W3hC5cJhxNZQQ5h1pump,EPjFWdd5AufqSSqeM2qN1xzybapC8G4wEGGkZwyTDt1v,True,5XyKkFaJpAmsH4Tf2EFj3S61W3hC5cJhxNZQQ5h1pump,Luigi Mangione,Luigi,https://logo.moralis.io/solana-mainnet_5XyKkFaJpAmsH4Tf2EFj3S61W3hC5cJhxNZQQ5h1pump_f5c8f2fe9e181c1b.webp,6,token0,0.002218317775,EPjFWdd5AufqSSqeM2qN1xzybapC8G4wEGGkZwyTDt1v,USD Coin,USDC,https://logo.moralis.io/solana-mainnet_EPjFWdd5AufqSSqeM2qN1xzybapC8G4wEGGkZwyTDt1v_809d0dcb3d691dcff4b688115e11652c.webp,6,token1,0.014122
CAMMCzo5YL8w4VFF8KVHrK22GGUsp5VTaW7grrKgrWqK,Raydium CLMM,https://entities-logos.s3.amazonaws.com/raydium.png,4REXnVuHj22a4zWTkVK9p8893K7fBcXKeCUW8n24szye,Luigi/SOL,114.491830942,,,0.0,0.0,0.008416206114342805,5XyKkFaJpAmsH4Tf2EFj3S61W3hC5cJhxNZQQ5h1pump,So11111111111111111111111111111111111111112,True,5XyKkFaJpAmsH4Tf2EFj3S61W3hC5cJhxNZQQ5h1pump,Luigi Mangione,Luigi,https://logo.moralis.io/solana-mainnet_5XyKkFaJpAmsH4Tf2EFj3S61W3hC5cJhxNZQQ5h1pump_f5c8f2fe9e181c1b.webp,6,token0,0.007327477180288,So11111111111111111111111111111111111111112,Wrapped SOL,SOL,https://logo.moralis.io/solana-mainnet_So11111111111111111111111111111111111111112_5ffe40a76ba4f2a8.webp,9,token1,0.001088728934054805
LBUZKhRxPF3XUpBCjp4YzTKgLccjZhTSDM9YuVaPwxo,Meteora DLMM,https://entities-logos.s3.amazonaws.com/meteora.png,GaXgajo59P7onL6FLwfhUAL8eT5fQX4zJVMTZgkJnpv6,Luigi/SOL,0.006281861,,,0.0,0.0,0.000556051026163213,5XyKkFaJpAmsH4Tf2EFj3S61W3hC5cJhxNZQQ5h1pump,So11111111111111111111111111111111111111112,True,5XyKkFaJpAmsH4Tf2EFj3S61W3hC5cJhxNZQQ5h1pump,Luigi Mangione,Luigi,https://logo.moralis.io/solana-mainnet_5XyKkFaJpAmsH4Tf2EFj3S61W3hC5cJhxNZQQ5h1pump_f5c8f2fe9e181c1b.webp,6,token0,2.8934251766e-05,So11111111111111111111111111111111111111112,Wrapped SOL,SOL,https://logo.moralis.io/solana-mainnet_So11111111111111111111111111111111111111112_5ffe40a76ba4f2a8.webp,9,token1,0.000527116774397213
LBUZKhRxPF3XUpBCjp4YzTKgLccjZhTSDM9YuVaPwxo,Meteora DLMM,https://entities-logos.s3.amazonaws.com/meteora.png,4Rx8N1eKgTYbGUAXqQfAigAvnESrhd3JAutec24BKMLm,Luigi/USDC,0.01204,,,0.0,0.0,0.00039837052,5XyKkFaJpAmsH4Tf2EFj3S61W3hC5cJhxNZQQ5h1pump,EPjFWdd5AufqSSqeM2qN1xzybapC8G4wEGGkZwyTDt1v,True,5XyKkFaJpAmsH4Tf2EFj3S61W3hC5cJhxNZQQ5h1pump,Luigi Mangione,Luigi,https://logo.moralis.io/solana-mainnet_5XyKkFaJpAmsH4Tf2EFj3S61W3hC5cJhxNZQQ5h1pump_f5c8f2fe9e181c1b.webp,6,token0,4.37052e-06,EPjFWdd5AufqSSqeM2qN1xzybapC8G4wEGGkZwyTDt1v,USD Coin,USDC,https://logo.moralis.io/solana-mainnet_EPjFWdd5AufqSSqeM2qN1xzybapC8G4wEGGkZwyTDt1v_809d0dcb3d691dcff4b688115e11652c.webp,6,token1,0.000394
LBUZKhRxPF3XUpBCjp4YzTKgLccjZhTSDM9YuVaPwxo,Meteora DLMM,https://entities-logos.s3.amazonaws.com/meteora.png,DAuN5idw4bgYztC8RFQHaRVv98dLWpupckqtQPzKSkvv,Luigi/USDC,0.041177,,,0.0,0.0,8.7688257e-05,5XyKkFaJpAmsH4Tf2EFj3S61W3hC5cJhxNZQQ5h1pump,EPjFWdd5AufqSSqeM2qN1xzybapC8G4wEGGkZwyTDt1v,True,5XyKkFaJpAmsH4Tf2EFj3S61W3hC5cJhxNZQQ5h1pump,Luigi Mangione,Luigi,https://logo.moralis.io/solana-mainnet_5XyKkFaJpAmsH4Tf2EFj3S61W3hC5cJhxNZQQ5h1pump_f5c8f2fe9e181c1b.webp,6,token0,1.688257e-06,EPjFWdd5AufqSSqeM2qN1xzybapC8G4wEGGkZwyTDt1v,USD Coin,USDC,https://logo.moralis.io/solana-mainnet_EPjFWdd5AufqSSqeM2qN1xzybapC8G4wEGGkZwyTDt1v_809d0dcb3d691dcff4b688115e11652c.webp,6,token1,8.6e-05
LBUZKhRxPF3XUpBCjp4YzTKgLccjZhTSDM9YuVaPwxo,Meteora DLMM,https://entities-logos.s3.amazonaws.com/meteora.png,qzRC8gFYJhjrDWipvg2PfQQ5HvFq84959LQ6YD65ZUM,Luigi/SOL,0.020514836,,,0.0,0.0,7.168640660407e-05,5XyKkFaJpAmsH4Tf2EFj3S61W3hC5cJhxNZQQ5h1pump,So11111111111111111111111111111111111111112,True,5XyKkFaJpAmsH4Tf2EFj3S61W3hC5cJhxNZQQ5h1pump,Luigi Mangione,Luigi,https://logo.moralis.io/solana-mainnet_5XyKkFaJpAmsH4Tf2EFj3S61W3hC5cJhxNZQQ5h1pump_f5c8f2fe9e181c1b.webp,6,token0,6.441658504e-06,So11111111111111111111111111111111111111112,Wrapped SOL,SOL,https://logo.moralis.io/solana-mainnet_So11111111111111111111111111111111111111112_5ffe40a76ba4f2a8.webp,9,token1,6.524474810007e-05
LBUZKhRxPF3XUpBCjp4YzTKgLccjZhTSDM9YuVaPwxo,Meteora DLMM,https://entities-logos.s3.amazonaws.com/meteora.png,7dhXzGvSAnq52ZkjDWmZCKN3kyk66ZBRSdSbUE3eKxLi,Luigi/SOL,0.009607382,,,0.0,0.0,2.4395384433564e-05,5XyKkFaJpAmsH4Tf2EFj3S61W3hC5cJhxNZQQ5h1pump,So11111111111111111111111111111111111111112,True,5XyKkFaJpAmsH4Tf2EFj3S61W3hC5cJhxNZQQ5h1pump,Luigi Mangione,Luigi,https://logo.moralis.io/solana-mainnet_5XyKkFaJpAmsH4Tf2EFj3S61W3hC5cJhxNZQQ5h1pump_f5c8f2fe9e181c1b.webp,6,token0,1.124063694e-06,So11111111111111111111111111111111111111112,Wrapped SOL,SOL,https://logo.moralis.io/solana-mainnet_So11111111111111111111111111111111111111112_5ffe40a76ba4f2a8.webp,9,token1,2.3271320739564e-05
LBUZKhRxPF3XUpBCjp4YzTKgLccjZhTSDM9YuVaPwxo,Meteora DLMM,https://entities-logos.s3.amazonaws.com/meteora.png,EsRUJ6YWMDD6xu1szijPToby1MQwodmrxCMsths331K4,Luigi/SOL,0.008735782,,,0.0,0.0,1.3299305382299e-05,5XyKkFaJpAmsH4Tf2EFj3S61W3hC5cJhxNZQQ5h1pump,So11111111111111111111111111111111111111112,True,5XyKkFaJpAmsH4Tf2EFj3S61W3hC5cJhxNZQQ5h1pump,Luigi Mangione,Luigi,https://logo.moralis.io/solana-mainnet_5XyKkFaJpAmsH4Tf2EFj3S61W3hC5cJhxNZQQ5h1pump_f5c8f2fe9e181c1b.webp,6,token0,3.84374408e-07,So11111111111111111111111111111111111111112,Wrapped SOL,SOL,https://logo.moralis.io/solana-mainnet_So11111111111111111111111111111111111111112_5ffe40a76ba4f2a8.webp,9,token1,1.2914930974299e-05
LBUZKhRxPF3XUpBCjp4YzTKgLccjZhTSDM9YuVaPwxo,Meteora DLMM,https://entities-logos.s3.amazonaws.com/meteora.png,FwA9EcSVDSf9dSewEZDEiUYWkD67f82nEjB9saEF2o8n,Luigi/SOL,0.00677481,,,0.0,0.0,7.94038949409e-06,5XyKkFaJpAmsH4Tf2EFj3S61W3hC5cJhxNZQQ5h1pump,So11111111111111111111111111111111111111112,True,5XyKkFaJpAmsH4Tf2EFj3S61W3hC5cJhxNZQQ5h1pump,Luigi Mangione,Luigi,https://logo.moralis.io/solana-mainnet_5XyKkFaJpAmsH4Tf2EFj3S61W3hC5cJhxNZQQ5h1pump_f5c8f2fe9e181c1b.webp,6,token0,3.5229012e-07,So11111111111111111111111111111111111111112,Wrapped SOL,SOL,https://logo.moralis.io/solana-mainnet_So11111111111111111111111111111111111111112_5ffe40a76ba4f2a8.webp,9,token1,7.58809937409e-06
LBUZKhRxPF3XUpBCjp4YzTKgLccjZhTSDM9YuVaPwxo,Meteora DLMM,https://entities-logos.s3.amazonaws.com/meteora.png,FdeHYMmXFcAf9rmd5kQ8p1sYBbWGTXecZqVTWg7zMUaT,Luigi/SOL,0.031040256,,,0.0,0.0,2.859773370254e-06,5XyKkFaJpAmsH4Tf2EFj3S61W3hC5cJhxNZQQ5h1pump,So11111111111111111111111111111111111111112,True,5XyKkFaJpAmsH4Tf2EFj3S61W3hC5cJhxNZQQ5h1pump,Luigi Mangione,Luigi,https://logo.moralis.io/solana-mainnet_5XyKkFaJpAmsH4Tf2EFj3S61W3hC5cJhxNZQQ5h1pump_f5c8f2fe9e181c1b.webp,6,token0,5.58724608e-07,So11111111111111111111111111111111111111112,Wrapped SOL,SOL,https://logo.moralis.io/solana-mainnet_So11111111111111111111111111111111111111112_5ffe40a76ba4f2a8.webp,9,token1,2.301048762254e-06
LBUZKhRxPF3XUpBCjp4YzTKgLccjZhTSDM9YuVaPwxo,Meteora DLMM,https://entities-logos.s3.amazonaws.com/meteora.png,CQqh77TGeaLaB8EekZtTs8Ysoc8nEnXe1B9ySLkphbMe,Luigi/SOL,0.045857231,,,0.0,0.0,2.39849177197e-06,5XyKkFaJpAmsH4Tf2EFj3S61W3hC5cJhxNZQQ5h1pump,So11111111111111111111111111111111111111112,True,5XyKkFaJpAmsH4Tf2EFj3S61W3hC5cJhxNZQQ5h1pump,Luigi Mangione,Luigi,https://logo.moralis.io/solana-mainnet_5XyKkFaJpAmsH4Tf2EFj3S61W3hC5cJhxNZQQ5h1pump_f5c8f2fe9e181c1b.webp,6,token0,2.29286155e-07,So11111111111111111111111111111111111111112,Wrapped SOL,SOL,https://logo.moralis.io/solana-mainnet_So11111111111111111111111111111111111111112_5ffe40a76ba4f2a8.webp,9,token1,2.16920561697e-06
Eo7WjKq67rjJQSZxS6z3YkapzY3eMj6Xy8X5EQVn5UaB,Meteora Dynamic AMM,https://entities-logos.s3.amazonaws.com/meteora.png,Ci1ZjCoRRrDi9dLSdRfmUhESPf8Cu3nBKZvCYXW1HrE3,Luigi/USDT,0.010445,,,0.0,0.0,0.0,5XyKkFaJpAmsH4Tf2EFj3S61W3hC5cJhxNZQQ5h1pump,Es9vMFrzaCERmJfrF4H2FYD4KCoNkY11McCe8BenwNYB,True,5XyKkFaJpAmsH4Tf2EFj3S61W3hC5cJhxNZQQ5h1pump,Luigi Mangione,Luigi,https://logo.moralis.io/solana-mainnet_5XyKkFaJpAmsH4Tf2EFj3S61W3hC5cJhxNZQQ5h1pump_f5c8f2fe9e181c1b.webp,6,token0,0.0,Es9vMFrzaCERmJfrF4H2FYD4KCoNkY11McCe8BenwNYB,USDT,USDT,https://logo.moralis.io/solana-mainnet_Es9vMFrzaCERmJfrF4H2FYD4KCoNkY11McCe8BenwNYB_d3e0684888bc0744dfe4b5bfa1fe429b.webp,6,token1,0.0
